{"0":{"beneful":0.0,"bluebuffalo":0.0,"eukanuba":0.0254237288,"iams":0.0187110187,"kibblesnbits":0.0,"nutrish":0.005952381,"pedigree":0.0046948357,"royalcanin":0.0968309859},"1":{"beneful":0.1891891892,"bluebuffalo":0.0408163265,"eukanuba":0.0,"iams":0.0103950104,"kibblesnbits":0.0,"nutrish":0.2142857143,"pedigree":0.014084507,"royalcanin":0.0},"10":{"beneful":0.0337837838,"bluebuffalo":0.0068027211,"eukanuba":0.0169491525,"iams":0.0561330561,"kibblesnbits":0.0,"nutrish":0.0119047619,"pedigree":0.0093896714,"royalcanin":0.1549295775},"11":{"beneful":0.0,"bluebuffalo":0.0,"eukanuba":0.0,"iams":0.0,"kibblesnbits":0.0,"nutrish":0.0,"pedigree":0.1009389671,"royalcanin":0.0},"12":{"beneful":0.0067567568,"bluebuffalo":0.0408163265,"eukanuba":0.1525423729,"iams":0.0145530146,"kibblesnbits":0.0,"nutrish":0.0,"pedigree":0.0234741784,"royalcanin":0.0545774648},"13":{"beneful":0.0202702703,"bluebuffalo":0.1428571429,"eukanuba":0.186440678,"iams":0.0686070686,"kibblesnbits":0.0,"nutrish":0.0178571429,"pedigree":0.014084507,"royalcanin":0.0088028169},"14":{"beneful":0.1081081081,"bluebuffalo":0.0408163265,"eukanuba":0.0508474576,"iams":0.0207900208,"kibblesnbits":0.0,"nutrish":0.005952381,"pedigree":0.0516431925,"royalcanin":0.1426056338},"15":{"beneful":0.0,"bluebuffalo":0.0408163265,"eukanuba":0.0,"iams":0.0020790021,"kibblesnbits":0.0,"nutrish":0.25,"pedigree":0.0422535211,"royalcanin":0.0017605634},"16":{"beneful":0.0472972973,"bluebuffalo":0.0884353741,"eukanuba":0.0423728814,"iams":0.0332640333,"kibblesnbits":0.0,"nutrish":0.0119047619,"pedigree":0.0469483568,"royalcanin":0.0088028169},"17":{"beneful":0.0202702703,"bluebuffalo":0.0272108844,"eukanuba":0.0169491525,"iams":0.2079002079,"kibblesnbits":0.1463414634,"nutrish":0.0178571429,"pedigree":0.0727699531,"royalcanin":0.1302816901},"18":{"beneful":0.027027027,"bluebuffalo":0.0204081633,"eukanuba":0.0508474576,"iams":0.0436590437,"kibblesnbits":0.3902439024,"nutrish":0.0178571429,"pedigree":0.0821596244,"royalcanin":0.0404929577},"19":{"beneful":0.0878378378,"bluebuffalo":0.1224489796,"eukanuba":0.1271186441,"iams":0.0311850312,"kibblesnbits":0.0,"nutrish":0.0238095238,"pedigree":0.117370892,"royalcanin":0.0052816901},"2":{"beneful":0.1216216216,"bluebuffalo":0.0068027211,"eukanuba":0.0169491525,"iams":0.0706860707,"kibblesnbits":0.0975609756,"nutrish":0.1130952381,"pedigree":0.0845070423,"royalcanin":0.0070422535},"3":{"beneful":0.1351351351,"bluebuffalo":0.1428571429,"eukanuba":0.0677966102,"iams":0.0478170478,"kibblesnbits":0.0,"nutrish":0.1071428571,"pedigree":0.0187793427,"royalcanin":0.0070422535},"4":{"beneful":0.0,"bluebuffalo":0.1020408163,"eukanuba":0.0,"iams":0.0457380457,"kibblesnbits":0.0,"nutrish":0.005952381,"pedigree":0.0023474178,"royalcanin":0.0545774648},"5":{"beneful":0.0135135135,"bluebuffalo":0.0136054422,"eukanuba":0.0084745763,"iams":0.0062370062,"kibblesnbits":0.0,"nutrish":0.0,"pedigree":0.0211267606,"royalcanin":0.1549295775},"6":{"beneful":0.0,"bluebuffalo":0.0204081633,"eukanuba":0.1016949153,"iams":0.0561330561,"kibblesnbits":0.0243902439,"nutrish":0.0654761905,"pedigree":0.0328638498,"royalcanin":0.0035211268},"7":{"beneful":0.0878378378,"bluebuffalo":0.0612244898,"eukanuba":0.1101694915,"iams":0.0769230769,"kibblesnbits":0.0243902439,"nutrish":0.0119047619,"pedigree":0.0070422535,"royalcanin":0.0545774648},"8":{"beneful":0.0202702703,"bluebuffalo":0.0544217687,"eukanuba":0.0169491525,"iams":0.1185031185,"kibblesnbits":0.0487804878,"nutrish":0.0357142857,"pedigree":0.0539906103,"royalcanin":0.0651408451},"9":{"beneful":0.0810810811,"bluebuffalo":0.0272108844,"eukanuba":0.0084745763,"iams":0.0706860707,"kibblesnbits":0.2682926829,"nutrish":0.0833333333,"pedigree":0.1995305164,"royalcanin":0.0088028169}}